NO,分類,スキルカテゴリ,サブカテゴリ,スキルレベル,チェック項目,変更内容,column_8,SubNo,チェック項目（2023）,version,sheet,source_url
1,データエンジニアリング,環境構築,システム企画,★,オープンデータを収集して活用する分析システムの要件を整理できる,,,1,オープンデータを収集して活用する分析システムの要件を整理できる,6.00,新旧対応（エンジニアリング力）,https://www.datascientist.or.jp/common/docs/skillcheck_ver6.00.xlsx
2,データエンジニアリング,環境構築,システム企画,★★,数千万レコードの大容量データを蓄積・分析するシステムにおいて、データの重要性や分析要件に則したシステム構築、初期データ投入方法、システム運用の要件定義が行える,,,2,数千万レコードの大容量データを蓄積・分析するシステムにおいて、データの重要性や分析要件に則したシステム構築、初期データ投入方法、システム運用の要件定義が行える,6.00,新旧対応（エンジニアリング力）,https://www.datascientist.or.jp/common/docs/skillcheck_ver6.00.xlsx
3,データエンジニアリング,環境構築,システム企画,★★,ソフトウェア開発プロジェクトの管理方法、設計、テスト方法を理解した上で、データ管理・分析システムの要件定義を行うことができる,,,3,ソフトウェア開発プロジェクトの管理方法、設計、テスト方法を理解した上で、データ管理・分析システムの要件定義を行うことができる,6.00,新旧対応（エンジニアリング力）,https://www.datascientist.or.jp/common/docs/skillcheck_ver6.00.xlsx
4,データエンジニアリング,環境構築,システム企画,★★★,組織の情報システム戦略、全体システム化計画の方針に従い、全体最適の観点を持って、データ分析システムの企画・要件定義を推進できる,,,4,組織の情報システム戦略、全体システム化計画の方針に従い、全体最適の観点を持って、データ分析システムの企画・要件定義を推進できる,6.00,新旧対応（エンジニアリング力）,https://www.datascientist.or.jp/common/docs/skillcheck_ver6.00.xlsx
5,データエンジニアリング,環境構築,システム企画,★★★,データ活用戦略を正しく理解し、各種業務プロセスについての専門知識とシステムに関する知識を有し、双方を活用して、適切な要件定義が行える,,,5,データ活用戦略を正しく理解し、各種業務プロセスについての専門知識とシステムに関する知識を有し、双方を活用して、適切な要件定義が行える,6.00,新旧対応（エンジニアリング力）,https://www.datascientist.or.jp/common/docs/skillcheck_ver6.00.xlsx
6,データエンジニアリング,環境構築,システム企画,★★★,プライベートネットワーク上の内部データ（CRM、Webログ、ユーザー購買データなど）とインターネット上データ（気象データ、為替変動データなど）の仕様を理解し、両方のデータソースを統合する要件を整理できる,,,6,プライベートネットワーク上の内部データ（CRM、Webログ、ユーザー購買データなど）とインターネット上データ（気象データ、為替変動データなど）の仕様を理解し、両方のデータソースを統合する要件を整理できる,6.00,新旧対応（エンジニアリング力）,https://www.datascientist.or.jp/common/docs/skillcheck_ver6.00.xlsx
7,データエンジニアリング,環境構築,システム企画,★★★,オンプレミス環境もしくはIaaS上の分析システムにおいて業務要件やリソース負荷に応じて、データフローや管理機構の統合、またバッチ実行スケジュールの最適化について要件定義が行える,,,7,オンプレミス環境もしくはIaaS上の分析システムにおいて業務要件やリソース負荷に応じて、データフローや管理機構の統合、またバッチ実行スケジュールの最適化について要件定義が行える,6.00,新旧対応（エンジニアリング力）,https://www.datascientist.or.jp/common/docs/skillcheck_ver6.00.xlsx
8,データエンジニアリング,環境構築,システム設計,★,サーバー1～10台規模のシステム構築、システム運用を手順書を元に実行できる,,,8,サーバー1～10台規模のシステム構築、システム運用を手順書を元に実行できる,6.00,新旧対応（エンジニアリング力）,https://www.datascientist.or.jp/common/docs/skillcheck_ver6.00.xlsx
9,データエンジニアリング,環境構築,システム設計,★,オンプレミス環境もしくはIaaS上のデータベースに格納された分析データのバックアップやアーカイブ作成などの定常運用ができる,,,9,オンプレミス環境もしくはIaaS上のデータベースに格納された分析データのバックアップやアーカイブ作成などの定常運用ができる,6.00,新旧対応（エンジニアリング力）,https://www.datascientist.or.jp/common/docs/skillcheck_ver6.00.xlsx
10,データエンジニアリング,環境構築,システム設計,★★,オンプレミス環境もしくはIaaS上の分析システムにおけるシステム運用（監視、フェイルオーバー、バックアップ、リカバリー処理、サービス開始・停止処理など）の運用設計や手順書作成が行える,,,10,オンプレミス環境もしくはIaaS上の分析システムにおけるシステム運用（監視、フェイルオーバー、バックアップ、リカバリー処理、サービス開始・停止処理など）の運用設計や手順書作成が行える,6.00,新旧対応（エンジニアリング力）,https://www.datascientist.or.jp/common/docs/skillcheck_ver6.00.xlsx
11,データエンジニアリング,環境構築,システム設計,★★,HTTPを活用したオープンAPIと分析システムのサーバー環境及びデータベースの連携設計ができる,,,11,HTTPを活用したオープンAPIと分析システムのサーバー環境及びデータベースの連携設計ができる,6.00,新旧対応（エンジニアリング力）,https://www.datascientist.or.jp/common/docs/skillcheck_ver6.00.xlsx
12,データエンジニアリング,環境構築,システム設計,★★,既存システムの各機能が参照・更新するデータの構造や関連付けを把握し、分析機能の追加や改修時にデータモデルの見直しが必要か判断できる,,,12,既存システムの各機能が参照・更新するデータの構造や関連付けを把握し、分析機能の追加や改修時にデータモデルの見直しが必要か判断できる,6.00,新旧対応（エンジニアリング力）,https://www.datascientist.or.jp/common/docs/skillcheck_ver6.00.xlsx
13,データエンジニアリング,環境構築,システム設計,★★,分析実行頻度の少ないシステムにおいて、分析非稼働時にはサービス削除し、必要時のみサービスを有効にすることでクラウドコストを最小化するシステム運用を設計できる,,,13,分析実行頻度の少ないシステムにおいて、分析非稼働時にはサービス削除し、必要時のみサービスを有効にすることでクラウドコストを最小化するシステム運用を設計できる,6.00,新旧対応（エンジニアリング力）,https://www.datascientist.or.jp/common/docs/skillcheck_ver6.00.xlsx
14,データエンジニアリング,環境構築,システム設計,★★,クラウドの運用管理サービスを利用して、クラウド上に構築した分析システムの監視やバックアップ等のシステム運用を実装できる,,,14,クラウドの運用管理サービスを利用して、クラウド上に構築した分析システムの監視やバックアップ等のシステム運用を実装できる,6.00,新旧対応（エンジニアリング力）,https://www.datascientist.or.jp/common/docs/skillcheck_ver6.00.xlsx
新,データエンジニアリング,環境構築,システム設計,★★,IaC（Infrastructure as Code）を活用して、サーバー、ネットワーク、ストレージなどのインフラ環境を再現性・自動化可能な形で構築・管理できる,新規,,,,6.00,新旧対応（エンジニアリング力）,https://www.datascientist.or.jp/common/docs/skillcheck_ver6.00.xlsx
15,データエンジニアリング,環境構築,システム設計,★★★,オンプレミス環境における分析システムのキャパシティ要件（データ容量）と必要処理性能（スループット）を定義できる,,,15,オンプレミス環境における分析システムのキャパシティ要件（データ容量）と必要処理性能（スループット）を定義できる,6.00,新旧対応（エンジニアリング力）,https://www.datascientist.or.jp/common/docs/skillcheck_ver6.00.xlsx
16,データエンジニアリング,環境構築,システム設計,★★★,クラウドのメリットとデメリットを比較して、必要に応じてオンプレミスのデータ分析システムをクラウド環境に移行できる,,,16,クラウドのメリットとデメリットを比較して、必要に応じてオンプレミスのデータ分析システムをクラウド環境に移行できる,6.00,新旧対応（エンジニアリング力）,https://www.datascientist.or.jp/common/docs/skillcheck_ver6.00.xlsx
17,データエンジニアリング,環境構築,システム設計,★★★,オンプレミス環境における大容量データストアに対して適切なデータ分散配置なども含めてシステム拡張方法や最適化の要件を整理できる,,,17,オンプレミス環境における大容量データストアに対して適切なデータ分散配置なども含めてシステム拡張方法や最適化の要件を整理できる,6.00,新旧対応（エンジニアリング力）,https://www.datascientist.or.jp/common/docs/skillcheck_ver6.00.xlsx
18,データエンジニアリング,環境構築,システム設計,★★,扱うデータのデータ規模や機密性、分析要件を理解した上で、オンプレミスで構築するか、クラウド上で構築するかの要件を整理できる,変更,,18,扱うデータのデータ規模や機密性、分析要件を理解した上で、オンプレミスで構築するか、クラウド上で構築するかの要件を整理できる,6.00,新旧対応（エンジニアリング力）,https://www.datascientist.or.jp/common/docs/skillcheck_ver6.00.xlsx
19,データエンジニアリング,環境構築,アーキテクチャ設計,★,ノーコード・ローコードツールを組み合わせ、要件に応じたアプリやツールを設計できる,,,19,ノーコード・ローコードツールを組み合わせ、要件に応じたアプリやツールを設計できる,6.00,新旧対応（エンジニアリング力）,https://www.datascientist.or.jp/common/docs/skillcheck_ver6.00.xlsx
20,データエンジニアリング,環境構築,アーキテクチャ設計,★,コンテナ技術の概要を理解しており、既存のDockerイメージを活用して効率的に分析環境を構築できる,,,20,コンテナ技術の概要を理解しており、既存のDockerイメージを活用して効率的に分析環境を構築できる,6.00,新旧対応（エンジニアリング力）,https://www.datascientist.or.jp/common/docs/skillcheck_ver6.00.xlsx
21,データエンジニアリング,環境構築,アーキテクチャ設計,★,分析環境を提供するクラウド上のマネージドサービス(Amazon SageMaker、Azure Machine Learning、Google Cloud Vertex AI、IBM watsonx.ai Studioなど)を利用して、機械学習モデルを開発できる,,,21,分析環境を提供するクラウド上のマネージドサービス(Amazon SageMaker、Azure Machine Learning、Google Cloud Vertex AI、IBM Watson Studioなど)を利用して、機械学習モデルを開発できる,6.00,新旧対応（エンジニアリング力）,https://www.datascientist.or.jp/common/docs/skillcheck_ver6.00.xlsx
新,データエンジニアリング,環境構築,アーキテクチャ設計,★,YAMLやJSONなど、プロジェクトで指定される形式を理解し、構成・設定ファイルを適切に記述・管理できる,新規,,,,6.00,新旧対応（エンジニアリング力）,https://www.datascientist.or.jp/common/docs/skillcheck_ver6.00.xlsx
22,データエンジニアリング,環境構築,アーキテクチャ設計,★★,分析者向けのRDBMS、NoSQL、ETL、Visualizationなど単一コンポーネントのユーザー利用機能の設計が行える,,,22,分析者向けのRDBMS、NoSQL、ETL、Visualizationなど単一コンポーネントのユーザー利用機能の設計が行える,6.00,新旧対応（エンジニアリング力）,https://www.datascientist.or.jp/common/docs/skillcheck_ver6.00.xlsx
23,データエンジニアリング,環境構築,アーキテクチャ設計,★★,深層学習（ディープラーニング）の学習を高速化するために、GPU（GPGPU）環境を実装できる,,,23,深層学習（ディープラーニング）の学習を高速化するために、GPU（GPGPU）環境を実装できる,6.00,新旧対応（エンジニアリング力）,https://www.datascientist.or.jp/common/docs/skillcheck_ver6.00.xlsx
24,データエンジニアリング,環境構築,アーキテクチャ設計,★★,Dockerコンテナ技術を用いてデータの蓄積環境・分析環境を構築し、再利用できる形でDockerイメージを管理できる,,,24,Dockerコンテナ技術を用いてデータの蓄積環境・分析環境を構築し、再利用できる形でDockerイメージを管理できる,6.00,新旧対応（エンジニアリング力）,https://www.datascientist.or.jp/common/docs/skillcheck_ver6.00.xlsx
25,データエンジニアリング,環境構築,アーキテクチャ設計,★★,コンテナオーケストレーションツール（Kubernetes、OpenShift、Amazon Elastic Container Serviceなど）を用いて複数のコンテナの配置と実行を管理できる,,,25,コンテナオーケストレーションツール（Kubernetes、OpenShift、Amazon Elastic Container Serviceなど）を用いて複数のコンテナの配置と実行を管理できる,6.00,新旧対応（エンジニアリング力）,https://www.datascientist.or.jp/common/docs/skillcheck_ver6.00.xlsx
26,データエンジニアリング,環境構築,アーキテクチャ設計,★★,開発した予測モデルをREST APIから呼び出せるように実装し、マイクロサービスのコンポーネントの一つとしてシステムに組み込むことができる,,,26,開発した予測モデルをREST APIから呼び出せるように実装し、マイクロサービスのコンポーネントの一つとしてシステムに組み込むことができる,6.00,新旧対応（エンジニアリング力）,https://www.datascientist.or.jp/common/docs/skillcheck_ver6.00.xlsx
27,データエンジニアリング,環境構築,アーキテクチャ設計,★★,自社のオンプレミス環境とプライベートクラウド環境を専用線やVPNを用いて接続し、オンプレミス環境上のデータをクラウド上のデータストアサービスにインターネットを介さず安全に格納するネットワークを設計できる,,,27,自社のオンプレミス環境とプライベートクラウド環境を専用線やVPNを用いて接続し、オンプレミス環境上のデータをクラウド上のデータストアサービスにインターネットを介さず安全に格納するネットワークを設計できる,6.00,新旧対応（エンジニアリング力）,https://www.datascientist.or.jp/common/docs/skillcheck_ver6.00.xlsx
28,データエンジニアリング,環境構築,アーキテクチャ設計,★★★,量子コンピュータにおけるロジックを検討する際に計算結果のゆらぎについて理解した上で、適切な処理フローやテスト手順を検討できる,,,28,量子コンピュータにおけるロジックを検討する際に計算結果のゆらぎについて理解した上で、適切な処理フローやテスト手順を検討できる,6.00,新旧対応（エンジニアリング力）,https://www.datascientist.or.jp/common/docs/skillcheck_ver6.00.xlsx
29,データエンジニアリング,環境構築,アーキテクチャ設計,★★★,量子コンピュータの量子計算の特徴や制約を理解し、量子コンピュータの計算性能を生かすユースケースを検討できる,,,29,量子コンピュータの量子計算の特徴や制約を理解し、量子コンピュータの計算性能を生かすユースケースを検討できる,6.00,新旧対応（エンジニアリング力）,https://www.datascientist.or.jp/common/docs/skillcheck_ver6.00.xlsx
30,データエンジニアリング,環境構築,アーキテクチャ設計,★★★,オンプレミス環境の物理サーバ上にHadoopやSparkなどを組み合わせて大容量データを管理する分散管理システムを設計できる,,,30,オンプレミス環境の物理サーバ上にHadoopやSparkなどを組み合わせて大容量データを管理する分散管理システムを設計できる,6.00,新旧対応（エンジニアリング力）,https://www.datascientist.or.jp/common/docs/skillcheck_ver6.00.xlsx
31,データエンジニアリング,環境構築,アーキテクチャ設計,★★★,KVS、カラム指向、ドキュメント指向などデータ構造の異なる複数のシステムからデータ取得と分析環境への連携を設計できる,,,31,KVS、カラム指向、ドキュメント指向などデータ構造の異なる複数のシステムからデータ取得と分析環境への連携を設計できる,6.00,新旧対応（エンジニアリング力）,https://www.datascientist.or.jp/common/docs/skillcheck_ver6.00.xlsx
32,データエンジニアリング,環境構築,アーキテクチャ設計,★★★,費用対効果が高いPaaS型サービスと設計自由度の高いIaaS環境のメリット、デメリットを理解し、PaaSとIaaSを組み合わせた効率的な分析システムを設計できる,,,32,費用対効果が高いPaaS型サービスと設計自由度の高いIaaS環境のメリット、デメリットを理解し、PaaSとIaaSを組み合わせた効率的な分析システムを設計できる,6.00,新旧対応（エンジニアリング力）,https://www.datascientist.or.jp/common/docs/skillcheck_ver6.00.xlsx
33,データエンジニアリング,環境構築,アーキテクチャ設計,★★★,Amazon Web Services（AWS)、Microsoft Azure、Google Cloud、IBM Cloudなど複数社のクラウドサービスを組み合わせたマルチクラウド構成を設計し、各社が提供する固有の分析サービスを連携して活用することができる,,,33,Amazon Web Services（AWS)、Microsoft Azure、Google Cloud、IBM Cloudなど複数社のクラウドサービスを組み合わせたマルチクラウド構成を設計し、各社が提供する固有の分析サービスを連携して活用することができる,6.00,新旧対応（エンジニアリング力）,https://www.datascientist.or.jp/common/docs/skillcheck_ver6.00.xlsx
34,データエンジニアリング,データ収集,クライアント技術,★,対象プラットフォーム（クラウドサービス、分析ソフトウェア）が提供する機能（SDKやAPIなど）の概要を説明できる,,,1,対象プラットフォーム（クラウドサービス、分析ソフトウェア）が提供する機能（SDKやAPIなど）の概要を説明できる,6.00,新旧対応（エンジニアリング力）,https://www.datascientist.or.jp/common/docs/skillcheck_ver6.00.xlsx
35,データエンジニアリング,データ収集,クライアント技術,★,Webクローラー・スクレイピングツールを用いてWebサイト上の静的コンテンツを分析用データとして収集できる,,,2,Webクローラー・スクレイピングツールを用いてWebサイト上の静的コンテンツを分析用データとして収集できる,6.00,新旧対応（エンジニアリング力）,https://www.datascientist.or.jp/common/docs/skillcheck_ver6.00.xlsx
36,データエンジニアリング,データ収集,クライアント技術,★★,対象プラットフォーム（IoTデバイス、スマートフォン、クラウドサービスなど）で取得可能なデータ項目から目的に応じてデータ収集システムを設計できる,,,3,対象プラットフォーム（IoTデバイス、スマートフォン、クラウドサービスなど）で取得可能なデータ項目から目的に応じてデータ収集システムを設計できる,6.00,新旧対応（エンジニアリング力）,https://www.datascientist.or.jp/common/docs/skillcheck_ver6.00.xlsx
37,データエンジニアリング,データ収集,クライアント技術,★★,エッジコンピューティング構成においてエッジデバイス側（端末側）で収集したログを、適切なタイミングでサーバ側に転送・集約するデータ収集の仕組みを設計できる,,,4,エッジコンピューティング構成においてエッジデバイス側（端末側）で収集したログを、適切なタイミングでサーバ側に転送・集約するデータ収集の仕組みを設計できる,6.00,新旧対応（エンジニアリング力）,https://www.datascientist.or.jp/common/docs/skillcheck_ver6.00.xlsx
38,データエンジニアリング,データ収集,クライアント技術,★★★,センター側で学習した予測モデルを、ネットワーク経由でエッジデバイスに配信して、エッジデバイス側で予測・分析を行うエッジAIシステムを設計できる,,,5,センター側で学習した予測モデルを、ネットワーク経由でエッジデバイスに配信して、エッジデバイス側で予測・分析を行うエッジAIシステムを設計できる,6.00,新旧対応（エンジニアリング力）,https://www.datascientist.or.jp/common/docs/skillcheck_ver6.00.xlsx
39,データエンジニアリング,データ収集,通信技術,★,システムやネットワーク機器に用意された通信機能（HTTPS、SFTPなど）を用い、データを収集先に格納するための機能を実装できる,変更,,6,システムやネットワーク機器に用意された通信機能（HTTP、FTPなど）を用い、データを収集先に格納するための機能を実装できる,6.00,新旧対応（エンジニアリング力）,https://www.datascientist.or.jp/common/docs/skillcheck_ver6.00.xlsx
40,データエンジニアリング,データ収集,通信技術,★★,データ収集対象の要件に応じて、MQTT（Message Queue Telemetry Transport）によるパブリッシュ/サブスクライブ型の通信を検討・実装できる,,,7,データ収集対象の要件に応じて、MQTT（Message Queue Telemetry Transport）によるパブリッシュ/サブスクライブ型の通信を検討・実装できる,6.00,新旧対応（エンジニアリング力）,https://www.datascientist.or.jp/common/docs/skillcheck_ver6.00.xlsx
41,データエンジニアリング,データ収集,通信技術,★★,既存のデータ収集システムの通信回線を5GやLPWA(Low Power Wide Area)など既存と異なる通信規格に変更することにより発生する影響を評価できる,,,8,既存のデータ収集システムの通信回線を5GやLPWA(Low Power Wide Area)など既存と異なる通信規格に変更することにより発生する影響を評価できる,6.00,新旧対応（エンジニアリング力）,https://www.datascientist.or.jp/common/docs/skillcheck_ver6.00.xlsx
42,データエンジニアリング,データ収集,通信技術,★★,ネットワークプロトコルや暗号化などの通信技術を用い、通信のボトルネックと可用性（継続的に通信が成立していること）を考慮した上で、必要な通信機能を実装できる,,,9,ネットワークプロトコルや暗号化などの通信技術を用い、通信のボトルネックと可用性（継続的に通信が成立していること）を考慮した上で、必要な通信機能を実装できる,6.00,新旧対応（エンジニアリング力）,https://www.datascientist.or.jp/common/docs/skillcheck_ver6.00.xlsx
43,データエンジニアリング,データ収集,通信技術,★★★,自動車の自動運転やドローン操縦で使用される無線通信網の特性や制約を理解して、移動体から取得するデータや取得方式を設計できる,,,10,自動車の自動運転やドローン操縦で使用される無線通信網の特性や制約を理解して、移動体から取得するデータや取得方式を設計できる,6.00,新旧対応（エンジニアリング力）,https://www.datascientist.or.jp/common/docs/skillcheck_ver6.00.xlsx
44,データエンジニアリング,データ収集,通信技術,★★★,データ通信において、機能・性能の問題に対し根本原因を特定できるだけでなく、必要に応じて新規技術の適用を検討できる,,,11,データ通信において、機能・性能の問題に対し根本原因を特定できるだけでなく、必要に応じて新規技術の適用を検討できる,6.00,新旧対応（エンジニアリング力）,https://www.datascientist.or.jp/common/docs/skillcheck_ver6.00.xlsx
45,データエンジニアリング,データ収集,データ抽出,★,社内のシステムやサービスから必要な情報を取り出し、Excel形式の小規模なデータセットを作成できる,変更,,12,データベースから何らかのデータ抽出方法を活用し、小規模なExcelのデータセットを作成できる,6.00,新旧対応（エンジニアリング力）,https://www.datascientist.or.jp/common/docs/skillcheck_ver6.00.xlsx
46,データエンジニアリング,データ収集,データ収集,★,既存のサービスやアプリケーションに対して、分析をするためのログ出力の仕様を整理することができる,,,13,既存のサービスやアプリケーションに対して、分析をするためのログ出力の仕様を整理することができる,6.00,新旧対応（エンジニアリング力）,https://www.datascientist.or.jp/common/docs/skillcheck_ver6.00.xlsx
47,データエンジニアリング,データ収集,データ収集,★★,FluentdやLogstashなどのログ収集ツールを用いて形式の異なる複数サーバのログを収集し分析可能な形式に変換して蓄積することができる,,,14,FluentdやLogstashなどのログ収集ツールを用いて形式の異なる複数サーバのログを収集し分析可能な形式に変換して蓄積することができる,6.00,新旧対応（エンジニアリング力）,https://www.datascientist.or.jp/common/docs/skillcheck_ver6.00.xlsx
48,データエンジニアリング,データ収集,データ収集,★★,GDPRや個人情報保護法を理解し、ユーザからの削除申請があった場合はユーザに関連する全ての情報を一括消去する機能を設計できる,変更,,15,GDPRや個人情報保護法を理解し、ユーザからの削除申請があった場合はユーザに関連する全ての情報を一括消去する機能を設計できる,6.00,新旧対応（エンジニアリング力）,https://www.datascientist.or.jp/common/docs/skillcheck_ver6.00.xlsx
49,データエンジニアリング,データ収集,データ収集,★★★,入手可能なデータに加え、分析結果の品質・効果を向上させる新たなデータ入手方法を提案できる（IoTでの新設センサーの種類、配置場所、データ入手間隔など）,,,16,入手可能なデータに加え、分析結果の品質・効果を向上させる新たなデータ入手方法を提案できる（IoTでの新設センサーの種類、配置場所、データ入手間隔など）,6.00,新旧対応（エンジニアリング力）,https://www.datascientist.or.jp/common/docs/skillcheck_ver6.00.xlsx
50,データエンジニアリング,データ収集,データ統合,★★,データフォーマットの異なる同一内容のデータ（会員情報、商品マスタなど）を統合する処理を設計できる,,,17,データフォーマットの異なる同一内容のデータ（会員情報、商品マスタなど）を統合する処理を設計できる,6.00,新旧対応（エンジニアリング力）,https://www.datascientist.or.jp/common/docs/skillcheck_ver6.00.xlsx
51,データエンジニアリング,データ収集,データ統合,★★★,組織統合などにより異なるコード定義やフォーマットが混在する複数システムのデータを統合し利活用するシステムを設計できる,,,18,組織統合などにより異なるコード定義やフォーマットが混在する複数システムのデータを統合し利活用するシステムを設計できる,6.00,新旧対応（エンジニアリング力）,https://www.datascientist.or.jp/common/docs/skillcheck_ver6.00.xlsx
52,データエンジニアリング,データ収集,データ統合,★★★,システム分析・業務分析を基に、最適なデータフロー管理やジョブ管理のツール（データパイプラインの自動化ツール、データファブリックやデータメッシュなどの分散データ管理ツール、リアルタイム処理ツールなど）を選定・評価できる,変更,,19,システム分析・業務分析をもとに、必要なデータフロー管理やジョブ管理などのツールを選定・評価できる,6.00,新旧対応（エンジニアリング力）,https://www.datascientist.or.jp/common/docs/skillcheck_ver6.00.xlsx
53,データエンジニアリング,データ構造,基礎知識,★,扱うデータが、構造化データ（顧客データ、商品データ、在庫データなど）か非構造化データ（雑多なテキスト、音声、画像、動画など）なのかを判断できる,,,1,扱うデータが、構造化データ（顧客データ、商品データ、在庫データなど）か非構造化データ（雑多なテキスト、音声、画像、動画など）なのかを判断できる,6.00,新旧対応（エンジニアリング力）,https://www.datascientist.or.jp/common/docs/skillcheck_ver6.00.xlsx
54,データエンジニアリング,データ構造,基礎知識,★,ER図を読んでテーブル間のリレーションシップを理解できる,,,2,ER図を読んでテーブル間のリレーションシップを理解できる,6.00,新旧対応（エンジニアリング力）,https://www.datascientist.or.jp/common/docs/skillcheck_ver6.00.xlsx
55,データエンジニアリング,データ構造,要件定義,★★,業務で使用するデータのライフサイクル（いつ、どんなデータが発生し、いつまで保持されているのかなど）を把握して、論理モデルを作成できる,,,3,業務で使用するデータのライフサイクル（いつ、どんなデータが発生し、いつまで保持されているのかなど）を把握して、論理モデルを作成できる,6.00,新旧対応（エンジニアリング力）,https://www.datascientist.or.jp/common/docs/skillcheck_ver6.00.xlsx
56,データエンジニアリング,データ構造,要件定義,★★,データ保持ルール（データアクセス、性能、保持期間、セキュリティなど）に基づき、データベース・DWHの運用ルールを定義できる,,,4,データ保持ルール（データアクセス、性能、保持期間、セキュリティなど）に基づき、データベース・DWHの運用ルールを定義できる,6.00,新旧対応（エンジニアリング力）,https://www.datascientist.or.jp/common/docs/skillcheck_ver6.00.xlsx
57,データエンジニアリング,データ構造,テーブル定義,★,正規化手法（第一正規化～第三正規化）を用いてテーブルを正規化できる,,,5,正規化手法（第一正規化～第三正規化）を用いてテーブルを正規化できる,6.00,新旧対応（エンジニアリング力）,https://www.datascientist.or.jp/common/docs/skillcheck_ver6.00.xlsx
58,データエンジニアリング,データ構造,テーブル定義,★★,ビジネスプロセスを理解・整理して、データフロー図、論理データモデル、ER図、テーブル定義書を作成できる,,,6,ビジネスプロセスを理解・整理して、データフロー図、論理データモデル、ER図、テーブル定義書を作成できる,6.00,新旧対応（エンジニアリング力）,https://www.datascientist.or.jp/common/docs/skillcheck_ver6.00.xlsx
59,データエンジニアリング,データ構造,テーブル定義,★★,業務特性や基幹システムの特徴をもとに、検索で頻繁に使用するデータのキー（顧客IDなど）を想定し、インデックスを作成・設定できる,,,7,業務特性や基幹システムの特徴をもとに、検索で頻繁に使用するデータのキー（顧客IDなど）を想定し、インデックスを作成・設定できる,6.00,新旧対応（エンジニアリング力）,https://www.datascientist.or.jp/common/docs/skillcheck_ver6.00.xlsx
60,データエンジニアリング,データ構造,テーブル定義,★★,データ集計を高速化またはSQLを単純化するため、スタースキーマ、スノーフレークスキーマなどを用いたデータモデルを設計できる,,,8,データ集計を高速化またはSQLを単純化するため、スタースキーマ、スノーフレークスキーマなどを用いたデータモデルを設計できる,6.00,新旧対応（エンジニアリング力）,https://www.datascientist.or.jp/common/docs/skillcheck_ver6.00.xlsx
61,データエンジニアリング,データ構造,テーブル設計,★★,稼働中の複数のシステム間で発生するデータ項目の差異を、変換テーブルを活用して、埋めることができる,,,9,稼働中の複数のシステム間で発生するデータ項目の差異を、変換テーブルを活用して、埋めることができる,6.00,新旧対応（エンジニアリング力）,https://www.datascientist.or.jp/common/docs/skillcheck_ver6.00.xlsx
62,データエンジニアリング,データ構造,テーブル設計,★★,DWHに入れる元データ（基幹DBのデータなど）のキーに変更があった場合に、サロゲートキーやナビゲーションブリッジテーブルを用いて対応できる,,,10,DWHに入れる元データ（基幹DBのデータなど）のキーに変更があった場合に、サロゲートキーやナビゲーションブリッジテーブルを用いて対応できる,6.00,新旧対応（エンジニアリング力）,https://www.datascientist.or.jp/common/docs/skillcheck_ver6.00.xlsx
63,データエンジニアリング,データ構造,テーブル設計,★★,非正規化テーブルや一時テーブルなどを作成し、アプリケーションの処理速度を高速化できる,,,11,非正規化テーブルや一時テーブルなどを作成し、アプリケーションの処理速度を高速化できる,6.00,新旧対応（エンジニアリング力）,https://www.datascientist.or.jp/common/docs/skillcheck_ver6.00.xlsx
64,データエンジニアリング,データ蓄積,DWH,★,DWHアプライアンス（Oracle Exadata Database Machine、IBM Integrated Analytics Systemなど）に接続し、複数テーブルを結合したデータを抽出できる,,,1,DWHアプライアンス（Oracle Exadata Database Machine、IBM Integrated Analytics Systemなど）に接続し、複数テーブルを結合したデータを抽出できる,6.00,新旧対応（エンジニアリング力）,https://www.datascientist.or.jp/common/docs/skillcheck_ver6.00.xlsx
65,データエンジニアリング,データ蓄積,DWH,★★,DWHアプライアンス（Oracle Exadata Database Machine、IBM Integrated Analytics Systemなど）の機能と特徴を理解し、適切な管理対象データを選定できる,,,2,DWHアプライアンス（Oracle Exadata Database Machine、IBM Integrated Analytics Systemなど）の機能と特徴を理解し、適切な管理対象データを選定できる,6.00,新旧対応（エンジニアリング力）,https://www.datascientist.or.jp/common/docs/skillcheck_ver6.00.xlsx
66,データエンジニアリング,データ蓄積,分散技術,★,HadoopやSparkの分散技術の基本的な仕組みと構成を理解している,,,3,HadoopやSparkの分散技術の基本的な仕組みと構成を理解している,6.00,新旧対応（エンジニアリング力）,https://www.datascientist.or.jp/common/docs/skillcheck_ver6.00.xlsx
67,データエンジニアリング,データ蓄積,分散技術,★,NoSQLデータストア（Cassandra、Mongo DB、CouchDB、Amazon DynamoDB、Azure Cosmos DB、Google Cloud Firestoreなど）にAPIを介してアクセスし、新規データを登録できる,変更,,4,NoSQLデータストア（HBase、Cassandra、Mongo DB、CouchDB、Amazon DynamoDB、Azure Cosmos DB、Google Cloud Firestoreなど）にAPIを介してアクセスし、新規データを登録できる,6.00,新旧対応（エンジニアリング力）,https://www.datascientist.or.jp/common/docs/skillcheck_ver6.00.xlsx
68,データエンジニアリング,データ蓄積,分散技術,★★,HadoopやSparkのメリット・デメリットを理解し、HadoopやSparkにて管理すべきデータを選定できる,,,5,HadoopやSparkのメリット・デメリットを理解し、HadoopやSparkにて管理すべきデータを選定できる,6.00,新旧対応（エンジニアリング力）,https://www.datascientist.or.jp/common/docs/skillcheck_ver6.00.xlsx
69,データエンジニアリング,データ蓄積,分散技術,★★,KVSの特性（集計・ソートが苦手、データの一貫性保証など）を理解し、KVSがデータストア要件を満たすかを判断できる,,,6,KVSの特性（集計・ソートが苦手、データの一貫性保証など）を理解し、KVSがデータストア要件を満たすかを判断できる,6.00,新旧対応（エンジニアリング力）,https://www.datascientist.or.jp/common/docs/skillcheck_ver6.00.xlsx
70,データエンジニアリング,データ蓄積,分散技術,★★,HadoopやSparkの分散アーキテクチャを理解し、大容量データ処理の設計やパフォーマンスチューニングができる,変更,,7,HadoopやSparkの分散アーキテクチャを理解し、大容量データ処理の設計やパフォーマンスチューニングができる,6.00,新旧対応（エンジニアリング力）,https://www.datascientist.or.jp/common/docs/skillcheck_ver6.00.xlsx
71,データエンジニアリング,データ蓄積,クラウド,★,クラウド上のオブジェクトストレージサービス（Amazon S3、Azure Blob Storage、Google Cloud Storage、IBM Cloud Object Storageなど）に接続しデータを格納できる,,,8,クラウド上のオブジェクトストレージサービス（Amazon S3、Azure Blob Storage、Google Cloud Storage、IBM Cloud Object Storageなど）に接続しデータを格納できる,6.00,新旧対応（エンジニアリング力）,https://www.datascientist.or.jp/common/docs/skillcheck_ver6.00.xlsx
72,データエンジニアリング,データ蓄積,クラウド,★★,クラウド上のDWHサービス（Amazon Redshift、Google BigQuery、IBM Db2 Warehouse、Microsoft Fabric Synapse Data Warehouse等）にロードして分析で利用できる,変更,,9,クラウド上のDWHサービス（Amazon Redshift、Google BigQuery、IBM Db2 Warehouse、Azure Synapse Analytics等）にロードして分析で利用できる,6.00,新旧対応（エンジニアリング力）,https://www.datascientist.or.jp/common/docs/skillcheck_ver6.00.xlsx
73,データエンジニアリング,データ蓄積,クラウド,★★★,クラウド上のデータストアサービスが対象システムの機能要件・非機能要件に合致するか評価を行い、採用可否を判断できる,,,10,クラウド上のデータストアサービスが対象システムの機能要件・非機能要件に合致するか評価を行い、採用可否を判断できる,6.00,新旧対応（エンジニアリング力）,https://www.datascientist.or.jp/common/docs/skillcheck_ver6.00.xlsx
74,データエンジニアリング,データ蓄積,リアルタイム処理,★★★,リアルタイムに入力されるストリームデータから指定条件のイベントを即時に抽出する複合イベント処理（CEP）を実現するサーバー環境・構成を設計できる,,,11,リアルタイムに入力されるストリームデータから指定条件のイベントを即時に抽出する複合イベント処理（CEP）を実現するサーバー環境・構成を設計できる,6.00,新旧対応（エンジニアリング力）,https://www.datascientist.or.jp/common/docs/skillcheck_ver6.00.xlsx
75,データエンジニアリング,データ蓄積,リアルタイム処理,★★★,Apache Kafka 、Apache Flinkなどのストリーム処理プラットフォームを活用して、入力データをリアルタイムに処理して連携できる,,,12,Apache Kafka 、Apache Storm、Apache Flinkなどのストリーム処理プラットフォームを活用して、入力データをリアルタイムに処理して連携できる,6.00,新旧対応（エンジニアリング力）,https://www.datascientist.or.jp/common/docs/skillcheck_ver6.00.xlsx
76,データエンジニアリング,データ蓄積,リアルタイム処理,★★★,適切なライブラリや実行環境を選択して、ストリーム処理やイベント駆動アプリケーションを実装できる,,,13,適切なライブラリや実行環境を選択して、ストリーム処理やイベント駆動アプリケーションを実装できる,6.00,新旧対応（エンジニアリング力）,https://www.datascientist.or.jp/common/docs/skillcheck_ver6.00.xlsx
77,データエンジニアリング,データ蓄積,キャッシュ技術,★★★,基盤設計において、どこのシステム要素にRedisやmemcachedなどのキャッシュ機能を採用すると処理が高速化されるか判断できる,,,14,基盤設計において、どこのシステム要素にRedisやmemcachedなどのキャッシュ機能を採用すると処理が高速化されるか判断できる,6.00,新旧対応（エンジニアリング力）,https://www.datascientist.or.jp/common/docs/skillcheck_ver6.00.xlsx
新,データエンジニアリング,データ蓄積,データ蓄積技術,★,データマートやDWHなどの集中型データ基盤と、データファブリックやデータメッシュなどの分散型データ基盤の設計思想の違いを理解し、ユースケースや組織構造に応じて適切に選択できる,新規,,,,6.00,新旧対応（エンジニアリング力）,https://www.datascientist.or.jp/common/docs/skillcheck_ver6.00.xlsx
78,データエンジニアリング,データ蓄積,データ蓄積技術,★★,データストア選定の際にリレーショナルDBだけでなく、要件に応じてNoSQL、時系列DB、グラフDB、ベクトルDBなどの適切なデータ蓄積機能を選定できる,,,15,データストア選定の際にリレーショナルDBだけでなく、要件に応じてNoSQL、時系列DB、グラフDB、ベクトルDBなどの適切なデータ蓄積機能を選定できる,6.00,新旧対応（エンジニアリング力）,https://www.datascientist.or.jp/common/docs/skillcheck_ver6.00.xlsx
新,データエンジニアリング,データ蓄積,データ蓄積技術,★★,データカタログやデータリネージ管理ソリューションを活用して、分析データのメタデータや由来、履歴を一元的に管理し、データ可視化とガバナンス強化を実現できる,新規,,,,6.00,新旧対応（エンジニアリング力）,https://www.datascientist.or.jp/common/docs/skillcheck_ver6.00.xlsx
新,データエンジニアリング,データ蓄積,データ蓄積技術,★★★,ベクトルDBにおいて、適切なインデックス構造の選択、パラメータチューニング、データの次元削減、ベクトル正規化技術に加え、元文書の品質管理や整備などのデータマネジメントなどを利用し、パフォーマンスを最適化できる,新規,,,,6.00,新旧対応（エンジニアリング力）,https://www.datascientist.or.jp/common/docs/skillcheck_ver6.00.xlsx
79,データエンジニアリング,データ蓄積,検索技術,★★,Apache Solr、Elasticsearch、OpenSearchなどを用いて、全文検索によるテキストキーワード検索用のDBを構築することができる,変更,,16,Apache Solr、Elasticsearch、OpenSearchなどの全文検索エンジンを用いて、テキストキーワードやログの検索用DBを構築することができる,6.00,新旧対応（エンジニアリング力）,https://www.datascientist.or.jp/common/docs/skillcheck_ver6.00.xlsx
80,データエンジニアリング,データ加工,フィルタリング処理,★,表計算ソフトを用いて、フィルタ・ソート・欠損補完・ランダム抽出・集計・演算や、データ変換（数値データの日時データ化や都道府県名からのジオコード変換など）といった基本的なデータ加工処理ができる,変更,,1,表計算ソフトのデータファイルに対して、条件を指定してフィルタリングできる（特定値に合致する・もしくは合致しないデータの抽出、特定範囲のデータの抽出、部分文字列の抽出など）,6.00,新旧対応（エンジニアリング力）,https://www.datascientist.or.jp/common/docs/skillcheck_ver6.00.xlsx
81,データエンジニアリング,データ加工,フィルタリング処理,★,正規表現を活用して条件に合致するデータを抽出できる（メールアドレスの書式を満たしているか判定をするなど）,,,2,正規表現を活用して条件に合致するデータを抽出できる（メールアドレスの書式を満たしているか判定をするなど）,6.00,新旧対応（エンジニアリング力）,https://www.datascientist.or.jp/common/docs/skillcheck_ver6.00.xlsx
82,データエンジニアリング,データ加工,ソート処理,★,（削除）80にマージ,削除,,3,表計算ソフトのデータファイルに対して、目的の並び替えになるように複数キーのソート条件を設定ができる,6.00,新旧対応（エンジニアリング力）,https://www.datascientist.or.jp/common/docs/skillcheck_ver6.00.xlsx
83,データエンジニアリング,データ加工,結合処理,★,表計算ソフトのデータファイルに対して、単一条件による内部結合、外部結合、自己結合ができ、UNION処理ができる,,,4,表計算ソフトのデータファイルに対して、単一条件による内部結合、外部結合、自己結合ができ、UNION処理ができる,6.00,新旧対応（エンジニアリング力）,https://www.datascientist.or.jp/common/docs/skillcheck_ver6.00.xlsx
84,データエンジニアリング,データ加工,前処理,★,（削除）80にマージ,削除,,5,表計算ソフトのデータファイルに対して、NULL値や想定外・範囲外のデータを持つレコードを取り除く、または既定値に変換できる,6.00,新旧対応（エンジニアリング力）,https://www.datascientist.or.jp/common/docs/skillcheck_ver6.00.xlsx
85,データエンジニアリング,データ加工,前処理,★★,フラットファイルやバイナリファイルに対するデータロードの前処理（クレンジング操作、禁則処理やバイナリ処理）ができる,,,6,フラットファイルやバイナリファイルに対するデータロードの前処理（クレンジング操作、禁則処理やバイナリ処理）ができる,6.00,新旧対応（エンジニアリング力）,https://www.datascientist.or.jp/common/docs/skillcheck_ver6.00.xlsx
86,データエンジニアリング,データ加工,前処理,★★,線形補間など、複数のレコードを考慮したクレンジング処理ができる,,,7,線形補間など、複数のレコードを考慮したクレンジング処理ができる,6.00,新旧対応（エンジニアリング力）,https://www.datascientist.or.jp/common/docs/skillcheck_ver6.00.xlsx
87,データエンジニアリング,データ加工,マッピング処理,★,（削除）80にマージ,削除,,8,表計算ソフトのデータファイルに対して、規定されたリストと照合して変換する、都道府県名からジオコードに変換するなど、ある値を規定の別の値で表現できる,6.00,新旧対応（エンジニアリング力）,https://www.datascientist.or.jp/common/docs/skillcheck_ver6.00.xlsx
88,データエンジニアリング,データ加工,マッピング処理,★★,データ定義や実際の観測データの状況をもとに、一般的な名寄せ処理を設計・実装できる,,,9,データ定義や実際の観測データの状況をもとに、一般的な名寄せ処理を設計・実装できる,6.00,新旧対応（エンジニアリング力）,https://www.datascientist.or.jp/common/docs/skillcheck_ver6.00.xlsx
89,データエンジニアリング,データ加工,サンプリング処理,★,（削除）80にマージ,削除,,10,表計算ソフトのデータファイルに対して、ランダムまたは一定間隔にレコードを抽出できる,6.00,新旧対応（エンジニアリング力）,https://www.datascientist.or.jp/common/docs/skillcheck_ver6.00.xlsx
90,データエンジニアリング,データ加工,集計処理,★,（削除）80にマージ,削除,,11,表計算ソフトのデータファイルのデータを集計して、合計や最大値、最小値、レコード数を算出できる,6.00,新旧対応（エンジニアリング力）,https://www.datascientist.or.jp/common/docs/skillcheck_ver6.00.xlsx
91,データエンジニアリング,データ加工,変換・演算処理,★,（削除）80にマージ,削除,,12,表計算ソフトのデータファイルのデータに対する四則演算ができ、数値データを日時データに変換するなど別のデータ型に変換できる,6.00,新旧対応（エンジニアリング力）,https://www.datascientist.or.jp/common/docs/skillcheck_ver6.00.xlsx
92,データエンジニアリング,データ加工,変換・演算処理,★,変換元データと変換先データの文字コードが異なる場合、変換処理のコードがかける,,,13,変換元データと変換先データの文字コードが異なる場合、変換処理のコードがかける,6.00,新旧対応（エンジニアリング力）,https://www.datascientist.or.jp/common/docs/skillcheck_ver6.00.xlsx
93,データエンジニアリング,データ加工,変換・演算処理,★★,数十億レコードの大容量データに対して効率的な処理を行うために、Parquetなどのカラムナ（列指向）ストレージ形式のファイルに変換してデータを管理できる,,,14,数十億レコードの大容量データに対して効率的な処理を行うために、Parquetなどのカラムナ（列指向）ストレージ形式のファイルに変換してデータを管理できる,6.00,新旧対応（エンジニアリング力）,https://www.datascientist.or.jp/common/docs/skillcheck_ver6.00.xlsx
94,データエンジニアリング,データ加工,変換・演算処理,★★,手書き文字や画像などの非構造データを、OCRや画像認識ライブラリ、画像認識モデルなどの変換・処理プログラムを用いて分析可能な構造化データに変換できる,変更,,15,手書き文字や画像などの非構造データを、OCRや画像認識ライブラリ、画像認識モデルなどを用いて分析可能な構造化データに変換できる,6.00,新旧対応（エンジニアリング力）,https://www.datascientist.or.jp/common/docs/skillcheck_ver6.00.xlsx
95,データエンジニアリング,データ共有,データ出力,★,加工・分析処理結果をCSV、XML、JSON、Excelなどの指定フォーマット形式に変換してエクスポートできる,,,1,加工・分析処理結果をCSV、XML、JSON、Excelなどの指定フォーマット形式に変換してエクスポートできる,6.00,新旧対応（エンジニアリング力）,https://www.datascientist.or.jp/common/docs/skillcheck_ver6.00.xlsx
96,データエンジニアリング,データ共有,データ出力,★,加工・分析処理結果を、接続先DBのテーブル仕様に合わせてレコード挿入できる,,,2,加工・分析処理結果を、接続先DBのテーブル仕様に合わせてレコード挿入できる,6.00,新旧対応（エンジニアリング力）,https://www.datascientist.or.jp/common/docs/skillcheck_ver6.00.xlsx
97,データエンジニアリング,データ共有,データ展開,★,RESTなどのデータ取得用Web APIを用いて、必要なデータを取得できる,変更,,3,RESTやSOAPなどのデータ取得用Web APIを用いて、必要なデータを取得できる,6.00,新旧対応（エンジニアリング力）,https://www.datascientist.or.jp/common/docs/skillcheck_ver6.00.xlsx
98,データエンジニアリング,データ共有,データ展開,★★,利用者の要件に合致したレポート（図、表）を、PDFなどの印刷用フォーマットで出力する変換機能を設計できる,変更,,4,利用者の要件に合致したレポート（図、表）を、PDFやPostScriptなどの印刷用フォーマットで出力する変換機能を設計できる,6.00,新旧対応（エンジニアリング力）,https://www.datascientist.or.jp/common/docs/skillcheck_ver6.00.xlsx
99,データエンジニアリング,データ共有,データ展開,★★,BIツール用のサーバーを構築し、単一データソースのレポート用データマートを設計・構築できる,,,5,BIツール用のサーバーを構築し、単一データソースのレポート用データマートを設計・構築できる,6.00,新旧対応（エンジニアリング力）,https://www.datascientist.or.jp/common/docs/skillcheck_ver6.00.xlsx
100,データエンジニアリング,データ共有,データ展開,★★,データストア上のデータをメールやメッセージを用いてプッシュ配信するシステムのサーバー・ネットワーク・ソフトウェアの構成を設計できる,,,6,データストア上のデータをメールやメッセージを用いてプッシュ配信するシステムのサーバー・ネットワーク・ソフトウェアの構成を設計できる,6.00,新旧対応（エンジニアリング力）,https://www.datascientist.or.jp/common/docs/skillcheck_ver6.00.xlsx
101,データエンジニアリング,データ共有,データ展開,★★,Webアプリケーションの実装において、WebSocketを用いてクライアント側にリアルタイムにデータ提供できる機能を設計できる,,,7,Webアプリケーションの実装において、WebSocketを用いてクライアント側にリアルタイムにデータ提供できる機能を設計できる,6.00,新旧対応（エンジニアリング力）,https://www.datascientist.or.jp/common/docs/skillcheck_ver6.00.xlsx
102,データエンジニアリング,データ共有,データ展開,★★,RSSや業界標準フォーマットなど、要件に合致したデータ形式・配信形式で情報提供するシステムのインターフェースを設計できる,変更,,8,RSSや業界標準フォーマットなど要件に合致したデータ形式・配信形式で、情報提供するシステムのインターフェースを設計できる,6.00,新旧対応（エンジニアリング力）,https://www.datascientist.or.jp/common/docs/skillcheck_ver6.00.xlsx
103,データエンジニアリング,データ共有,データ展開,★★,RESTなどのWeb APIを用いて、必要なデータを提供するシステムの公開インターフェースを設計できる,変更,,9,RESTやSOAPなどのWeb APIを用いて、必要なデータを提供するシステムの公開インターフェースを設計できる,6.00,新旧対応（エンジニアリング力）,https://www.datascientist.or.jp/common/docs/skillcheck_ver6.00.xlsx
104,データエンジニアリング,データ共有,データ連携,★,SFTPサーバー、ファイル共有サーバーなどから必要なデータファイルをダウンロードして、Excelなどの表計算ソフトに取り込み活用できる,変更,,10,FTPサーバー、ファイル共有サーバーなどから必要なデータファイルをダウンロードして、Excelなどの表計算ソフトに取り込み活用できる,6.00,新旧対応（エンジニアリング力）,https://www.datascientist.or.jp/common/docs/skillcheck_ver6.00.xlsx
105,データエンジニアリング,データ共有,データ連携,★,BIツールからデータベース上のDBテーブルを参照して新規レポートやダッシュボードを作成し、指定のユーザグループに公開できる,,,11,BIツールからデータベース上のDBテーブルを参照して新規レポートやダッシュボードを作成し、指定のユーザグループに公開できる,6.00,新旧対応（エンジニアリング力）,https://www.datascientist.or.jp/common/docs/skillcheck_ver6.00.xlsx
106,データエンジニアリング,データ共有,データ連携,★,BIツールの自由検索機能を活用し、必要なデータを抽出して、グラフを作成できる,,,12,BIツールの自由検索機能を活用し、必要なデータを抽出して、グラフを作成できる,6.00,新旧対応（エンジニアリング力）,https://www.datascientist.or.jp/common/docs/skillcheck_ver6.00.xlsx
107,データエンジニアリング,データ共有,データ連携,★★,連携対象システムの仕様に合わせて、ETLツールなどを用いてデータ変換、ファイル転送処理を実装できる,変更,,13,連携対象システムの仕様に合わせて、ETLツールを用いたデータ変換、ファイル転送処理を実装できる,6.00,新旧対応（エンジニアリング力）,https://www.datascientist.or.jp/common/docs/skillcheck_ver6.00.xlsx
新,データエンジニアリング,データ共有,データ連携,★★,データクリーンルームを活用し、複数の組織や部門間において、個人情報や機密データを保護しながら、安全かつ適切にデータの分析および共有を行うことができる,新規,,,,6.00,新旧対応（エンジニアリング力）,https://www.datascientist.or.jp/common/docs/skillcheck_ver6.00.xlsx
108,データエンジニアリング,データ共有,データ連携,★★★,他データや他システム連携を容易にする目的で、適切なオープンデータ系の標準フォーマット（IMI：Infrastructure for Multilayer Interoperability[情報共有基盤]に記載のデータモデルや、GTFS：General Transit Feed Specificationなど）を用いて、データモデルを設定できる,,,14,他データや他システム連携を容易にする目的で、適切なオープンデータ系の標準フォーマット（IMI：Infrastructure for Multilayer Interoperability[情報共有基盤]に記載のデータモデルや、GTFS：General Transit Feed Specificationなど）を用いて、データモデルを設定できる,6.00,新旧対応（エンジニアリング力）,https://www.datascientist.or.jp/common/docs/skillcheck_ver6.00.xlsx
109,データエンジニアリング,データ共有,データ連携,★★★,ESBやAPI Gatewayなどのデータ連携サービスを活用してシステム間のデータ連携（データ配信・交換）を行うインターフェースを設計できる,,,15,ESBやAPI Gatewayなどのデータ連携サービスを活用してシステム間のデータ連携（データ配信・交換）を行うインターフェースを設計できる,6.00,新旧対応（エンジニアリング力）,https://www.datascientist.or.jp/common/docs/skillcheck_ver6.00.xlsx
110,ITエンジニアリング,プログラミング,基礎プログラミング,★,小規模な構造化データ（CSV、RDBなど）を扱うデータ処理（抽出・加工・分析など）を、設計書に基づき、プログラム実装できる,,,1,小規模な構造化データ（CSV、RDBなど）を扱うデータ処理（抽出・加工・分析など）を、設計書に基づき、プログラム実装できる,6.00,新旧対応（エンジニアリング力）,https://www.datascientist.or.jp/common/docs/skillcheck_ver6.00.xlsx
111,ITエンジニアリング,プログラミング,基礎プログラミング,★,プログラム言語や環境によって、変数のデータ型ごとに確保するメモリサイズや自動型変換の仕様が異なることを理解し、プログラムの設計・実装ができる,,,2,プログラム言語や環境によって、変数のデータ型ごとに確保するメモリサイズや自動型変換の仕様が異なることを理解し、プログラムの設計・実装ができる,6.00,新旧対応（エンジニアリング力）,https://www.datascientist.or.jp/common/docs/skillcheck_ver6.00.xlsx
112,ITエンジニアリング,プログラミング,基礎プログラミング,★,データ処理プログラミングのため分岐や繰り返しを含んだフローチャートを作成できる,,,3,データ処理プログラミングのため分岐や繰り返しを含んだフローチャートを作成できる,6.00,新旧対応（エンジニアリング力）,https://www.datascientist.or.jp/common/docs/skillcheck_ver6.00.xlsx
113,ITエンジニアリング,プログラミング,基礎プログラミング,★,オブジェクト指向言語の基本概念を理解し、スーパークラス（親クラス）を継承して、スーパークラスのプロパティやメソッドを適切に活用できる,,,4,オブジェクト指向言語の基本概念を理解し、スーパークラス（親クラス）を継承して、スーパークラスのプロパティやメソッドを適切に活用できる,6.00,新旧対応（エンジニアリング力）,https://www.datascientist.or.jp/common/docs/skillcheck_ver6.00.xlsx
114,ITエンジニアリング,プログラミング,基礎プログラミング,★,ホワイトボックステストとブラックボックステストの違いを理解し、テストケースの作成とテストを実施できる,,,5,ホワイトボックステストとブラックボックステストの違いを理解し、テストケースの作成とテストを実施できる,6.00,新旧対応（エンジニアリング力）,https://www.datascientist.or.jp/common/docs/skillcheck_ver6.00.xlsx
115,ITエンジニアリング,プログラミング,拡張プログラミング,★,JSON、XMLなど標準的なフォーマットのデータを受け渡すために、APIを使用したプログラムを設計・実装できる,,,6,JSON、XMLなど標準的なフォーマットのデータを受け渡すために、APIを使用したプログラムを設計・実装できる,6.00,新旧対応（エンジニアリング力）,https://www.datascientist.or.jp/common/docs/skillcheck_ver6.00.xlsx
116,ITエンジニアリング,プログラミング,拡張プログラミング,★,外部ライブラリが提供する関数の引数や戻り値の型や仕様を調べて、適切に呼び出すことができる,,,7,外部ライブラリが提供する関数の引数や戻り値の型や仕様を調べて、適切に呼び出すことができる,6.00,新旧対応（エンジニアリング力）,https://www.datascientist.or.jp/common/docs/skillcheck_ver6.00.xlsx
117,ITエンジニアリング,プログラミング,拡張プログラミング,★★,データオーケストレーションツール（Airflow、Dagster、Prefect 2など）を用いて機械学習で必要な複数のジョブやタスクを組合せてパイプライン化を実現できる,変更,,8,パイプラインライブラリ（Luigiなど）やワークフロー管理ツール（Airflow、Metaflowなど）を用いて機械学習で必要な複数のジョブやタスクを組合せて分析の自動化や効率化を実現できる,6.00,新旧対応（エンジニアリング力）,https://www.datascientist.or.jp/common/docs/skillcheck_ver6.00.xlsx
118,ITエンジニアリング,プログラミング,拡張プログラミング,★★,TensorFlow、PyTorch、JAXなどのフレームワークを用いてニューラルネットワークのモデルを実装できる,,,9,TensorFlow、PyTorch、JAXなどのフレームワークを用いてニューラルネットワークのモデルを実装できる,6.00,新旧対応（エンジニアリング力）,https://www.datascientist.or.jp/common/docs/skillcheck_ver6.00.xlsx
119,ITエンジニアリング,プログラミング,拡張プログラミング,★★,SNSから抽出した非構造化データを、適切な言語やライブラリを選んでデータ処理のプログラム実装ができる,,,10,SNSから抽出した非構造化データを、適切な言語やライブラリを選んでデータ処理のプログラム実装ができる,6.00,新旧対応（エンジニアリング力）,https://www.datascientist.or.jp/common/docs/skillcheck_ver6.00.xlsx
120,ITエンジニアリング,プログラミング,拡張プログラミング,★★★,CUDAやOpenCLを活用してGPU上で稼働する並列プログラミングを実装できる,,,11,CUDAやOpenCLを活用してGPU上で稼働する並列プログラミングを実装できる,6.00,新旧対応（エンジニアリング力）,https://www.datascientist.or.jp/common/docs/skillcheck_ver6.00.xlsx
121,ITエンジニアリング,プログラミング,拡張プログラミング,★★★,IoTデバイスに関連する各分野におけるデータ取得標準（HEMS、Matterなど）を理解しており、今後の技術動向や規制についてのリスクを提示できる,,,12,IoTデバイスに関連する各分野におけるデータ取得標準（HEMS、Matterなど）を理解しており、今後の技術動向や規制についてのリスクを提示できる,6.00,新旧対応（エンジニアリング力）,https://www.datascientist.or.jp/common/docs/skillcheck_ver6.00.xlsx
122,ITエンジニアリング,プログラミング,拡張プログラミング,★★★,単一サーバーの物理メモリを超える複数のデータソースを組み合わせたデータ処理において、分散処理アーキテクチャやデータのインメモリ処理の特性を意識してプログラム設計ができる,,,13,単一サーバーの物理メモリを超える複数のデータソースを組み合わせたデータ処理において、分散処理アーキテクチャやデータのインメモリ処理の特性を意識してプログラム設計ができる,6.00,新旧対応（エンジニアリング力）,https://www.datascientist.or.jp/common/docs/skillcheck_ver6.00.xlsx
123,ITエンジニアリング,プログラミング,AIサービス活用,★,他サービスが提供する分析機能や学習済み予測モデルをWeb API（REST）で呼び出し分析結果を活用することができる,,,14,他サービスが提供する分析機能や学習済み予測モデルをWeb API（REST）で呼び出し分析結果を活用することができる,6.00,新旧対応（エンジニアリング力）,https://www.datascientist.or.jp/common/docs/skillcheck_ver6.00.xlsx
124,ITエンジニアリング,プログラミング,AIサービス活用,★,目的に応じ音声認識関連のAPIを選択し、適用できる（Speech to Text など）,,,15,目的に応じ音声認識関連のAPIを選択し、適用できる（Speech to Text など）,6.00,新旧対応（エンジニアリング力）,https://www.datascientist.or.jp/common/docs/skillcheck_ver6.00.xlsx
125,ITエンジニアリング,プログラミング,AIサービス活用,★★,自然言語処理において、既存のAPI化したクラウドサービスなどを目的に即して、選定・活用できる,,,16,自然言語処理において、既存のAPI化したクラウドサービスなどを目的に即して、選定・活用できる,6.00,新旧対応（エンジニアリング力）,https://www.datascientist.or.jp/common/docs/skillcheck_ver6.00.xlsx
126,ITエンジニアリング,プログラミング,AIサービス活用,★★,画像の処理や解析において、既存のAPI化したクラウドサービスなどを目的に即して、選定・活用できる,,,17,画像の処理や解析において、既存のAPI化したクラウドサービスなどを目的に即して、選定・活用できる,6.00,新旧対応（エンジニアリング力）,https://www.datascientist.or.jp/common/docs/skillcheck_ver6.00.xlsx
127,ITエンジニアリング,プログラミング,コーディング支援,★,AIを用いたソースコードのレビュー機能・チェック機能を活用してプログラムのバグ修正や性能改善を実現できる,,,18,AIを用いたソースコードのレビュー機能・チェック機能を活用してプログラムのバグ修正や性能改善を実現できる,6.00,新旧対応（エンジニアリング力）,https://www.datascientist.or.jp/common/docs/skillcheck_ver6.00.xlsx
128,ITエンジニアリング,プログラミング,アルゴリズム,★,入れ子の繰り返し処理（二重ループ）など計算負荷の高いロジックを特定しアルゴリズムの改善策を検討できる,,,19,入れ子の繰り返し処理（二重ループ）など計算負荷の高いロジックを特定しアルゴリズムの改善策を検討できる,6.00,新旧対応（エンジニアリング力）,https://www.datascientist.or.jp/common/docs/skillcheck_ver6.00.xlsx
129,ITエンジニアリング,プログラミング,アルゴリズム,★★,システム化対象業務のビジネスロジックを理解して、外部ライブラリやAPIを有効に活用し、プログラムを実装することができる,,,20,システム化対象業務のビジネスロジックを理解して、外部ライブラリやAPIを有効に活用し、プログラムを実装することができる,6.00,新旧対応（エンジニアリング力）,https://www.datascientist.or.jp/common/docs/skillcheck_ver6.00.xlsx
130,ITエンジニアリング,プログラミング,アルゴリズム,★★★,論文や書籍に記載された計算式や機械学習ロジックを理解してプログラム実装できる,,,21,論文や書籍に記載された計算式や機械学習ロジックを理解してプログラム実装できる,6.00,新旧対応（エンジニアリング力）,https://www.datascientist.or.jp/common/docs/skillcheck_ver6.00.xlsx
131,ITエンジニアリング,プログラミング,分析プログラム,★,Jupyter Notebook（Pythonなど）やRStudio（R）などの対話型の開発環境を用いて、データの分析やレポートの作成ができる,,,22,Jupyter Notebook（Pythonなど）やRStudio（R）などの対話型の開発環境を用いて、データの分析やレポートの作成ができる,6.00,新旧対応（エンジニアリング力）,https://www.datascientist.or.jp/common/docs/skillcheck_ver6.00.xlsx
132,ITエンジニアリング,プログラミング,分析プログラム,★,クラウド上の統合開発環境（AWS SageMaker Studio Lab、Google Colab、Azure Data Studio、IBM watsonx.ai Studioなど）で提供されるNotebookを用いてPythonやRのコードを開発して実行できる,変更,,23,クラウド上の統合開発環境（AWS SageMaker Studio Lab、Google Colab、Azure Data Studio、IBM Watson Studioなど）で提供されるNotebookを用いてPythonやRのコードを開発して実行できる,6.00,新旧対応（エンジニアリング力）,https://www.datascientist.or.jp/common/docs/skillcheck_ver6.00.xlsx
133,ITエンジニアリング,プログラミング,分析プログラム,★★,分析プログラムのロジックと処理手順を理解した上で正しい分析結果を出力しているか検証ができる,,,24,分析プログラムのロジックと処理手順を理解した上で正しい分析結果を出力しているか検証ができる,6.00,新旧対応（エンジニアリング力）,https://www.datascientist.or.jp/common/docs/skillcheck_ver6.00.xlsx
134,ITエンジニアリング,プログラミング,分析プログラム,★★,比較的シンプルな分析課題において、クラウド、SaaS分析環境を用いてデータインポートから加工、集計、アウトプットまでの一連の実装ができる,,,25,比較的シンプルな分析課題において、クラウド、SaaS分析環境を用いてデータインポートから加工、集計、アウトプットまでの一連の実装ができる,6.00,新旧対応（エンジニアリング力）,https://www.datascientist.or.jp/common/docs/skillcheck_ver6.00.xlsx
135,ITエンジニアリング,プログラミング,SQL,★,SQLの構文を一通り知っていて、記述・実行できる（DML・DDLの理解、各種JOINの使い分け、集計関数とGROUP BY、CASE文を使用した縦横変換、副問合せやEXISTSの活用など）,,,26,SQLの構文を一通り知っていて、記述・実行できる（DML・DDLの理解、各種JOINの使い分け、集計関数とGROUP BY、CASE文を使用した縦横変換、副問合せやEXISTSの活用など）,6.00,新旧対応（エンジニアリング力）,https://www.datascientist.or.jp/common/docs/skillcheck_ver6.00.xlsx
136,ITエンジニアリング,プログラミング,SQL,★★,RDBにおける分析関数の構文と挙動を理解し、分析関数を用いて複雑な副問合せや自己結合を解消できる,,,27,RDBにおける分析関数の構文と挙動を理解し、分析関数を用いて複雑な副問合せや自己結合を解消できる,6.00,新旧対応（エンジニアリング力）,https://www.datascientist.or.jp/common/docs/skillcheck_ver6.00.xlsx
137,ITエンジニアリング,プログラミング,SQL,★★,N：Nの結合や完全外部結合の危険性（計算量の増大、結果の不完全性）、暗黙の型変換の危険性（インデックス不使用、小数点以下の切り捨てなど）を考慮したSQLを記述できる,,,28,N：Nの結合や完全外部結合の危険性（計算量の増大、結果の不完全性）、暗黙の型変換の危険性（インデックス不使用、小数点以下の切り捨てなど）を考慮したSQLを記述できる,6.00,新旧対応（エンジニアリング力）,https://www.datascientist.or.jp/common/docs/skillcheck_ver6.00.xlsx
138,ITエンジニアリング,プログラミング,SQL,★★★,記述したSQLの実行計画の確認と判断ができ、SQLの修正やインデックス作成により、処理時間を大幅に改善するようなパフォーマンスチューニングができる,,,29,記述したSQLの実行計画の確認と判断ができ、SQLの修正やインデックス作成により、処理時間を大幅に改善するようなパフォーマンスチューニングができる,6.00,新旧対応（エンジニアリング力）,https://www.datascientist.or.jp/common/docs/skillcheck_ver6.00.xlsx
139,ITエンジニアリング,ITセキュリティ,基礎知識,★,セキュリティの3要素（機密性、完全性、可用性） について具体的な事例を用いて説明できる,,,1,セキュリティの3要素（機密性、完全性、可用性） について具体的な事例を用いて説明できる,6.00,新旧対応（エンジニアリング力）,https://www.datascientist.or.jp/common/docs/skillcheck_ver6.00.xlsx
140,ITエンジニアリング,ITセキュリティ,プライバシー,★★,ハッシュ化、マスキング、k-匿名化、差分プライバシーなどのプライバシー保護の仕組みを理解し適用できる,,,2,ハッシュ化、マスキング、k-匿名化、差分プライバシーなどのプライバシー保護の仕組みを理解し適用できる,6.00,新旧対応（エンジニアリング力）,https://www.datascientist.or.jp/common/docs/skillcheck_ver6.00.xlsx
141,ITエンジニアリング,ITセキュリティ,攻撃と防御手法,★,（削除）基盤へ移行,削除,,3,マルウェアなどによる深刻なリスクの種類（消失・漏洩・サービスの停止など）を理解している,6.00,新旧対応（エンジニアリング力）,https://www.datascientist.or.jp/common/docs/skillcheck_ver6.00.xlsx
142,ITエンジニアリング,ITセキュリティ,攻撃と防御手法,★,OS、ネットワーク、アプリケーション、データなどの各レイヤーに対して、ユーザーごとのアクセスレベルを設定する必要性を理解している,,,4,OS、ネットワーク、アプリケーション、データなどの各レイヤーに対して、ユーザーごとのアクセスレベルを設定する必要性を理解している,6.00,新旧対応（エンジニアリング力）,https://www.datascientist.or.jp/common/docs/skillcheck_ver6.00.xlsx
143,ITエンジニアリング,ITセキュリティ,攻撃と防御手法,★★,DoS攻撃、不正アクセス、マルウェア感染、内部不正などのセキュリティインシデント発生時に、既定の手順に従い影響範囲の特定、ログ調査、システム隔離、初期対応、関係者へのエスカレーションなどを的確に実施できる。,変更,,5,DoS攻撃、不正アクセス、マルウェア感染や内部不正などのセキュリティインシデントが発覚した場合に既存のルールに基づき対応できる,6.00,新旧対応（エンジニアリング力）,https://www.datascientist.or.jp/common/docs/skillcheck_ver6.00.xlsx
144,ITエンジニアリング,ITセキュリティ,攻撃と防御手法,★★,OS、ネットワーク、アプリケーション、データに対するユーザーごとのアクセスレベルを設計でき、設定できる,変更,,6,OS、ネットワーク、アプリケーション、データに対するユーザーごとのアクセスレベルを設計できる,6.00,新旧対応（エンジニアリング力）,https://www.datascientist.or.jp/common/docs/skillcheck_ver6.00.xlsx
145,ITエンジニアリング,ITセキュリティ,攻撃と防御手法,★★,SQLインジェクションやバッファオーバーフロー攻撃の概要を理解し、防止する対策を判断し、対策できる,変更,,7,SQLインジェクションやバッファオーバーフロー攻撃の概要を理解し、防止する対策を判断できる,6.00,新旧対応（エンジニアリング力）,https://www.datascientist.or.jp/common/docs/skillcheck_ver6.00.xlsx
新,ITエンジニアリング,ITセキュリティ,攻撃と防御手法,★★,プライバシー保護要件とデータアクセス権限管理の両立を考慮したセキュリティ設計・運用ができる,新規,,,,6.00,新旧対応（エンジニアリング力）,https://www.datascientist.or.jp/common/docs/skillcheck_ver6.00.xlsx
146,ITエンジニアリング,ITセキュリティ,攻撃と防御手法,★★★,なりすまし、改ざん、盗聴などのセキュリティ侵害を防御するための対策とセキュリティポリシーを設計し実践できる,,,8,なりすまし、改ざん、盗聴などのセキュリティ侵害を防御するための対策とセキュリティポリシーを設計し実践できる,6.00,新旧対応（エンジニアリング力）,https://www.datascientist.or.jp/common/docs/skillcheck_ver6.00.xlsx
147,ITエンジニアリング,ITセキュリティ,攻撃と防御手法,★★★,侵入検知システム（IDS）やファイアウォール、エンドポイント対策（EPP/EDR）などを用いて、外部からの不正アクセスを検知、防御、内部侵入後の対策をおこなう環境を設計できる,,,9,侵入検知システム（IDS）やファイアウォール、エンドポイント対策（EPP/EDR）などを用いて、外部からの不正アクセスを検知、防御、内部侵入後の対策をおこなう環境を設計できる,6.00,新旧対応（エンジニアリング力）,https://www.datascientist.or.jp/common/docs/skillcheck_ver6.00.xlsx
148,ITエンジニアリング,ITセキュリティ,攻撃と防御手法,★★★,不正メールの検出、不正通信トラフィックの自動遮断、ログからの不正検知などAIを活用したサイバー攻撃などに対する防御ソリューションの有用性と誤検出等のリスクを評価し導入を判断できる,,,10,不正メールの検出、不正通信トラフィックの自動遮断、ログからの不正検知などAIを活用したサイバー攻撃などに対する防御ソリューションの有用性と誤検出等のリスクを評価し導入を判断できる,6.00,新旧対応（エンジニアリング力）,https://www.datascientist.or.jp/common/docs/skillcheck_ver6.00.xlsx
149,ITエンジニアリング,ITセキュリティ,暗号化技術,★,暗号化されていないデータは、不正取得された際に容易に不正利用される恐れがあることを理解し、データの機密度合いに応じてソフトウェアを使用した暗号化と復号ができる,,,11,暗号化されていないデータは、不正取得された際に容易に不正利用される恐れがあることを理解し、データの機密度合いに応じてソフトウェアを使用した暗号化と復号ができる,6.00,新旧対応（エンジニアリング力）,https://www.datascientist.or.jp/common/docs/skillcheck_ver6.00.xlsx
150,ITエンジニアリング,ITセキュリティ,暗号化技術,★,なりすましや改ざんされた文書でないことを証明するために、電子署名が用いられることを理解している,,,12,なりすましや改ざんされた文書でないことを証明するために、電子署名が用いられることを理解している,6.00,新旧対応（エンジニアリング力）,https://www.datascientist.or.jp/common/docs/skillcheck_ver6.00.xlsx
151,ITエンジニアリング,ITセキュリティ,暗号化技術,★,公開鍵暗号化方式において、受信者の公開鍵で暗号化されたデータを復号化するためには受信者の秘密鍵が必要であることを知っている,,,13,公開鍵暗号化方式において、受信者の公開鍵で暗号化されたデータを復号化するためには受信者の秘密鍵が必要であることを知っている,6.00,新旧対応（エンジニアリング力）,https://www.datascientist.or.jp/common/docs/skillcheck_ver6.00.xlsx
152,ITエンジニアリング,ITセキュリティ,暗号化技術,★,ハッシュ関数を用いて、データの改ざんを検出できる,,,14,ハッシュ関数を用いて、データの改ざんを検出できる,6.00,新旧対応（エンジニアリング力）,https://www.datascientist.or.jp/common/docs/skillcheck_ver6.00.xlsx
153,ITエンジニアリング,ITセキュリティ,暗号化技術,★★,SSHやSSL/TLSなどのセキュアプロトコルの概要と必要性を説明できる,,,15,SSHやSSL/TLSなどのセキュアプロトコルの概要と必要性を説明できる,6.00,新旧対応（エンジニアリング力）,https://www.datascientist.or.jp/common/docs/skillcheck_ver6.00.xlsx
154,ITエンジニアリング,ITセキュリティ,認証,★,OAuthに対応したデータ提供サービスに対して、認可サーバから取得したアクセストークンを付与してデータ取得用のREST APIを呼び出すことができる,,,16,OAuthに対応したデータ提供サービスに対して、認可サーバから取得したアクセストークンを付与してデータ取得用のREST APIを呼び出すことができる,6.00,新旧対応（エンジニアリング力）,https://www.datascientist.or.jp/common/docs/skillcheck_ver6.00.xlsx
155,ITエンジニアリング,ITセキュリティ,認証,★★,Kerberos認証とRadius認証の違いを理解し、それぞれの認証の特徴やユースケースを説明できる,,,17,Kerberos認証とRadius認証の違いを理解し、それぞれの認証の特徴やユースケースを説明できる,6.00,新旧対応（エンジニアリング力）,https://www.datascientist.or.jp/common/docs/skillcheck_ver6.00.xlsx
156,ITエンジニアリング,ITセキュリティ,認証,★★,SAMLやOpenID Connectを用いて一度のログインで複数のWebアプリケーションのログイン認証を連携するシングルサインオンの仕組みを設計できる,,,18,SAMLやOpenID Connectを用いて一度のログインで複数のWebアプリケーションのログイン認証を連携するシングルサインオンの仕組みを設計できる,6.00,新旧対応（エンジニアリング力）,https://www.datascientist.or.jp/common/docs/skillcheck_ver6.00.xlsx
157,ITエンジニアリング,ITセキュリティ,ブロックチェーン,★★★,ブロックチェーン技術を用いてストレージに蓄積されたデータの安全性と品質を保証するシステムを設計できる,,,19,ブロックチェーン技術を用いてストレージに蓄積されたデータの安全性と品質を保証するシステムを設計できる,6.00,新旧対応（エンジニアリング力）,https://www.datascientist.or.jp/common/docs/skillcheck_ver6.00.xlsx
158,ITエンジニアリング,ITセキュリティ,ゼロトラスト,★★,ゼロトラストの概念を理解し、クラウド利用やリモートワークに対応した情報セキュリティの担保と、データ活用の利便性を両立させる環境をサービスを利用して実装できる,,,20,ゼロトラストの概念を理解し、クラウド利用やリモートワークに対応した情報セキュリティの担保と、データ活用の利便性を両立させる環境をサービスを利用して実装できる,6.00,新旧対応（エンジニアリング力）,https://www.datascientist.or.jp/common/docs/skillcheck_ver6.00.xlsx
159,AIエンジニアリング,AIシステム運用,AutoML,★,AutoMLを用いて予測対象を判定するために最適な入力データの組み合わせと予測モデルを抽出できる,,,1,AutoMLを用いて予測対象を判定するために最適な入力データの組み合わせと予測モデルを抽出できる,6.00,新旧対応（エンジニアリング力）,https://www.datascientist.or.jp/common/docs/skillcheck_ver6.00.xlsx
160,AIエンジニアリング,AIシステム運用,MLOps,★,Gitなどのバージョン管理ソフトウェアを活用して、開発した分析プログラムのソースをリポジトリに登録しチームメンバーと共有できる,変更,,2,GitやSubversionなどのバージョン管理ソフトウェアを活用して、開発した分析プログラムのソースをリポジトリに登録しチームメンバーと共有できる,6.00,新旧対応（エンジニアリング力）,https://www.datascientist.or.jp/common/docs/skillcheck_ver6.00.xlsx
新,AIエンジニアリング,AIシステム運用,MLOps,★★,機械学習モデルやデータのバージョン管理ツールを活用し、モデル開発業務の効率化だけでなく、品質保証やチームでの共有、デプロイの自動化ができる（Hugging Face Hub、ML Flowなど）,新規,,,,6.00,新旧対応（エンジニアリング力）,https://www.datascientist.or.jp/common/docs/skillcheck_ver6.00.xlsx
161,AIエンジニアリング,AIシステム運用,MLOps,★,MLOpsの概要を理解し、AIモデル性能の維持管理作業の基本的な流れを説明できる,,,3,MLOpsの概要を理解し、AIモデル性能の維持管理作業の基本的な流れを説明できる,6.00,新旧対応（エンジニアリング力）,https://www.datascientist.or.jp/common/docs/skillcheck_ver6.00.xlsx
162,AIエンジニアリング,AIシステム運用,MLOps,★,AIシステムのモニタリング項目を理解し、AIモデルの劣化状況や予測対象データの不備、AIシステムの異常を検知できる,,,4,AIシステムのモニタリング項目を理解し、AIモデルの劣化状況や予測対象データの不備、AIシステムの異常を検知できる,6.00,新旧対応（エンジニアリング力）,https://www.datascientist.or.jp/common/docs/skillcheck_ver6.00.xlsx
163,AIエンジニアリング,AIシステム運用,MLOps,★★,AIシステムの予測モデル評価において、求められている予測性能を満たしているかを評価し、業務システムへの適用を判断できる,,,5,AIシステムの予測モデル評価において、求められている予測性能を満たしているかを評価し、業務システムへの適用を判断できる,6.00,新旧対応（エンジニアリング力）,https://www.datascientist.or.jp/common/docs/skillcheck_ver6.00.xlsx
164,AIエンジニアリング,AIシステム運用,MLOps,★★,AIモデルの管理方針（更新頻度、バージョン管理、リリース手順など）を決定し、適切にAIモデルを運用できる,,,6,AIモデルの管理方針（更新頻度、バージョン管理、リリース手順など）を決定し、適切にAIモデルを運用できる,6.00,新旧対応（エンジニアリング力）,https://www.datascientist.or.jp/common/docs/skillcheck_ver6.00.xlsx
165,AIエンジニアリング,AIシステム運用,MLOps,★★,フィーチャーストア機能を用いて、機械学習で使用する特徴量データを仕様情報やバージョンと共に管理し、機械学習運用時の特徴量の一貫性の確保や効率的な運用に活用できる,,,7,フィーチャーストア機能を用いて、機械学習で使用する特徴量データを仕様情報やバージョンと共に管理し、機械学習運用時の特徴量の一貫性の確保や効率的な運用に活用できる,6.00,新旧対応（エンジニアリング力）,https://www.datascientist.or.jp/common/docs/skillcheck_ver6.00.xlsx
166,AIエンジニアリング,AIシステム運用,MLOps,★★★,AIシステム運用において、モデル作成からモデルの評価、デプロイ、学習データの更新、モデル再学習のパイプラインを設計し、AIモデルのライフサイクルを自動化できる,,,8,AIシステム運用において、モデル作成からモデルの評価、デプロイ、学習データの更新、モデル再学習のパイプラインを設計し、AIモデルのライフサイクルを自動化できる,6.00,新旧対応（エンジニアリング力）,https://www.datascientist.or.jp/common/docs/skillcheck_ver6.00.xlsx
167,AIエンジニアリング,AIシステム運用,MLOps,★★★,AIシステムに求められる要件（予測性能、リアルタイム性、コストなど）を考慮し、適切な学習環境および分析環境（サーバ/エッジなど）を設計できる,,,9,AIシステムに求められる要件（予測性能、リアルタイム性、コストなど）を考慮し、適切な学習環境および分析環境（サーバ/エッジなど）を設計できる,6.00,新旧対応（エンジニアリング力）,https://www.datascientist.or.jp/common/docs/skillcheck_ver6.00.xlsx
168,AIエンジニアリング,AIシステム運用,AIOps,★,ITシステムの運用におけるAIOpsの概要とメリットを説明できる,,,10,ITシステムの運用におけるAIOpsの概要とメリットを説明できる,6.00,新旧対応（エンジニアリング力）,https://www.datascientist.or.jp/common/docs/skillcheck_ver6.00.xlsx
169,AIエンジニアリング,AIシステム運用,AIOps,★★,ITシステムのアプリケーションログと過去の障害実績より、統計的手法や機械学習を用いて大量のログから障害の予兆を検出し障害を未然に防止するシステムを設計することができる,,,11,ITシステムのアプリケーションログと過去の障害実績より、統計的手法や機械学習を用いて大量のログから障害の予兆を検出し障害を未然に防止するシステムを設計することができる,6.00,新旧対応（エンジニアリング力）,https://www.datascientist.or.jp/common/docs/skillcheck_ver6.00.xlsx
170,AIエンジニアリング,生成AI,生成AI活用,★,（削除）170と171を新スキルに集約し、基盤へ移行,削除,,1,生成AIを活用する際、出力したい要件に合わせ、Few-shot PromptingやChain-of-Thoughtなどのプロンプト技法の利用や、各種APIパラメーター（Temperatureなど）の設定ができる,6.00,新旧対応（エンジニアリング力）,https://www.datascientist.or.jp/common/docs/skillcheck_ver6.00.xlsx
171,AIエンジニアリング,生成AI,生成AI活用,★,（削除）170と171を新スキルに集約し、基盤へ移行,削除,,2,画像生成AIに組み込まれた標準機能の利用（モデル選択）や、画像生成プロンプトルール（強調やネガティブプロンプトなど）を理解し、適切に入力することで、意図した画像を生成できる,6.00,新旧対応（エンジニアリング力）,https://www.datascientist.or.jp/common/docs/skillcheck_ver6.00.xlsx
172,AIエンジニアリング,生成AI,生成AI活用,★★,生成AIで出力したい結果を生成するために、RAG環境を設計・実装できる,変更,,3,独自に用意したプロンプト入力用のデータベースやファイルを用いて、プロンプトに追加することで、意図した文章を生成することができる。,6.00,新旧対応（エンジニアリング力）,https://www.datascientist.or.jp/common/docs/skillcheck_ver6.00.xlsx
173,AIエンジニアリング,生成AI,生成AI活用,★★,マルチモーダルな生成AIを用いて、データ分析や業務で活用できるシステムの設計・実装できる,変更,,4,画像生成AIに組み込まれた標準機能の利用（モデル選択）や、画像生成プロンプトルール（強調やネガティブプロンプトなど）を組み合わせ、入力を試行錯誤することで、より意図に即した画像を生成できる,6.00,新旧対応（エンジニアリング力）,https://www.datascientist.or.jp/common/docs/skillcheck_ver6.00.xlsx
174,AIエンジニアリング,生成AI,コーディング支援,★,LLMを利用して、データ分析やサービス、システム開発のためのコードを作成、修正、改良できる,,,5,LLMを利用して、データ分析やサービス、システム開発のためのコードを作成、修正、改良できる,6.00,新旧対応（エンジニアリング力）,https://www.datascientist.or.jp/common/docs/skillcheck_ver6.00.xlsx
175,AIエンジニアリング,生成AI,コーディング支援,★,LLMを利用して、開発した機能のテストや分析検証用のダミーデータを生成できる,,,6,LLMを利用して、開発した機能のテストや分析検証用のダミーデータを生成できる,6.00,新旧対応（エンジニアリング力）,https://www.datascientist.or.jp/common/docs/skillcheck_ver6.00.xlsx
新,AIエンジニアリング,生成AI,コーディング支援,★★,生成AIの機能や特性を理解したうえで活用し、既存システムの機能や要件を維持しつつ、効率的かつ高品質なプログラムのリプレイスやリファクタリングができる,新規,,,,6.00,新旧対応（エンジニアリング力）,https://www.datascientist.or.jp/common/docs/skillcheck_ver6.00.xlsx
176,AIエンジニアリング,生成AI,ファインチューニング,★★,ファインチューニングの目的や要件に対して、ファインチューニング用のデータ収集、必要に応じたデータベース化を行い、ファインチューニングを実施・評価できる（ベクトルDB、LlamaIndex、LangChain、モデレーションなど）,,,7,ファインチューニングの目的や要件に対して、ファインチューニング用のデータ収集、必要に応じたデータベース化を行い、ファインチューニングを実施・評価できる（ベクトルDB、LlamaIndex、LangChain、モデレーションなど）,6.00,新旧対応（エンジニアリング力）,https://www.datascientist.or.jp/common/docs/skillcheck_ver6.00.xlsx
177,AIエンジニアリング,生成AI,ファインチューニング,★★,要件に応じて、拡散モデルのファインチューニングや RAG（Retrieval-Augmented Generation）基盤の構築・実装ができる,変更,,8,拡散モデルの利用要件を踏まえ、LoRAやControlNetなどを用いて、ファインチューニングできる,6.00,新旧対応（エンジニアリング力）,https://www.datascientist.or.jp/common/docs/skillcheck_ver6.00.xlsx
178,AIエンジニアリング,生成AI,ファインチューニング,★★★,LLMの活用目的やビジネス目標に応じて、モデル選定、事前学習・ファインチューニング・RAGの活用方針を策定し、データ収集、データベース設計、評価指標の設計まで一貫して対応できる,変更,,9,LLMの利用目的や目指すビジネス上の効果、LLMの利用範囲などを踏まえ、最適なモデルの選択、ファインチューニングの必要性や方向性の提示、データ収集方針やデータベースの設計、評価指標の検討ができる,6.00,新旧対応（エンジニアリング力）,https://www.datascientist.or.jp/common/docs/skillcheck_ver6.00.xlsx
179,AIエンジニアリング,生成AI,生成AIの技術活用,★★,（削除）流れを重視し、融合に移行のため,削除,,10,生成AIが提供するAPIやプラグインなどの機能を用いてシステム連携することで、自社の新機能やサービスを設計・実装できる,6.00,新旧対応（エンジニアリング力）,https://www.datascientist.or.jp/common/docs/skillcheck_ver6.00.xlsx
180,AIエンジニアリング,生成AI,生成AIの技術活用,★★★,（削除）流れを重視し、融合に移行のため,削除,,11,生成AIの性能や実現要件を踏まえ、自社サービスとして組み込み、新たなサービスやロボットなどを設計・実装できる,6.00,新旧対応（エンジニアリング力）,https://www.datascientist.or.jp/common/docs/skillcheck_ver6.00.xlsx
181,AIエンジニアリング,生成AI,生成AI開発,★★★,独自に新たな生成AIを開発する必要性や目的を整理した上で、新たな生成AIに必要なデータ収集、データベース開発、生成AIの設計・開発・評価ができる,,,12,独自に新たな生成AIを開発する必要性や目的を整理した上で、新たな生成AIに必要なデータ収集、データベース開発、生成AIの設計・開発・評価ができる,6.00,新旧対応（エンジニアリング力）,https://www.datascientist.or.jp/common/docs/skillcheck_ver6.00.xlsx
182,AIエンジニアリング,生成AI,生成AI開発,★★★,独自に新たな生成AIの開発基盤の必要性や目的を整理した上で、生成AI開発環境（開発基盤）の設計・開発・実装ができる,,,13,独自に新たな生成AIの開発基盤の必要性や目的を整理した上で、生成AI開発環境（開発基盤）の設計・開発・実装ができる,6.00,新旧対応（エンジニアリング力）,https://www.datascientist.or.jp/common/docs/skillcheck_ver6.00.xlsx
